sample	chromosome	control	test	count
S1	2L	het	mismatch	71748
S1	2L	hom_alt	mismatch	3993
S1	2L	hom_ref	hom_ref	32363632
S1	2L	hom_ref	het	7826
S1	2L	hom_ref	hom_alt	1954
S1	2L	hom_ref	missing	658
S1	2L	het	hom_ref	6457
S1	2L	het	het	7116
S1	2L	het	hom_alt	19541
S1	2L	het	missing	6541
S1	2L	hom_alt	hom_ref	1955
S1	2L	hom_alt	het	23692
S1	2L	hom_alt	hom_alt	1966
S1	2L	hom_alt	missing	1956
S1	2L	missing	hom_ref	655
S1	2L	missing	het	7717
S1	2L	missing	hom_alt	1937
S1	2L	missing	missing	639
S1	2R	het	mismatch	0
S1	2R	hom_alt	mismatch	0
S1	2R	hom_ref	hom_ref	40561667
S1	2R	hom_ref	het	0
S1	2R	hom_ref	hom_alt	0
S1	2R	hom_ref	missing	0
S1	2R	het	hom_ref	0
S1	2R	het	het	0
S1	2R	het	hom_alt	0
S1	2R	het	missing	0
S1	2R	hom_alt	hom_ref	0
S1	2R	hom_alt	het	0
S1	2R	hom_alt	hom_alt	0
S1	2R	hom_alt	missing	0
S1	2R	missing	hom_ref	0
S1	2R	missing	het	0
S1	2R	missing	hom_alt	0
S1	2R	missing	missing	0
